-- MySQL dump 10.13  Distrib 5.7.22, for Win64 (x86_64)
--
-- Host: localhost    Database: forum
-- ------------------------------------------------------
-- Server version	5.7.22-log

/*!40101 SET @OLD_CHARACTER_SET_CLIENT=@@CHARACTER_SET_CLIENT */;
/*!40101 SET @OLD_CHARACTER_SET_RESULTS=@@CHARACTER_SET_RESULTS */;
/*!40101 SET @OLD_COLLATION_CONNECTION=@@COLLATION_CONNECTION */;
/*!40101 SET NAMES utf8 */;
/*!40103 SET @OLD_TIME_ZONE=@@TIME_ZONE */;
/*!40103 SET TIME_ZONE='+00:00' */;
/*!40014 SET @OLD_UNIQUE_CHECKS=@@UNIQUE_CHECKS, UNIQUE_CHECKS=0 */;
/*!40014 SET @OLD_FOREIGN_KEY_CHECKS=@@FOREIGN_KEY_CHECKS, FOREIGN_KEY_CHECKS=0 */;
/*!40101 SET @OLD_SQL_MODE=@@SQL_MODE, SQL_MODE='NO_AUTO_VALUE_ON_ZERO' */;
/*!40111 SET @OLD_SQL_NOTES=@@SQL_NOTES, SQL_NOTES=0 */;

--
-- Current Database: `forum`
--

CREATE DATABASE /*!32312 IF NOT EXISTS*/ `forum` /*!40100 DEFAULT CHARACTER SET utf8mb4 COLLATE utf8mb4_unicode_ci */;

USE `forum`;

--
-- Table structure for table `category`
--

DROP TABLE IF EXISTS `category`;
/*!40101 SET @saved_cs_client     = @@character_set_client */;
/*!40101 SET character_set_client = utf8 */;
CREATE TABLE `category` (
  `id_category` int(11) NOT NULL,
  `name` varchar(45) CHARACTER SET utf8mb4 COLLATE utf8mb4_unicode_ci DEFAULT NULL,
  PRIMARY KEY (`id_category`),
  KEY `fk_post_1_idx` (`id_category`)
) ENGINE=InnoDB DEFAULT CHARSET=utf8 COLLATE=utf8_bin;
/*!40101 SET character_set_client = @saved_cs_client */;

--
-- Dumping data for table `category`
--

LOCK TABLES `category` WRITE;
/*!40000 ALTER TABLE `category` DISABLE KEYS */;
INSERT INTO `category` VALUES (0,NULL),(1,'Hoạt động'),(2,'Học tập'),(3,'Đội - Nhóm'),(4,'Chuyện trò - Tâm sự'),(5,'Chia sẻ kinh nghiệm'),(6,'Khác');
/*!40000 ALTER TABLE `category` ENABLE KEYS */;
UNLOCK TABLES;

--
-- Table structure for table `comment`
--

DROP TABLE IF EXISTS `comment`;
/*!40101 SET @saved_cs_client     = @@character_set_client */;
/*!40101 SET character_set_client = utf8 */;
CREATE TABLE `comment` (
  `id_comment` int(11) NOT NULL AUTO_INCREMENT,
  `content` varchar(1000) DEFAULT NULL,
  `reply` varchar(45) DEFAULT NULL,
  `date` datetime DEFAULT CURRENT_TIMESTAMP,
  `username` varchar(50) DEFAULT NULL COMMENT '\n',
  `id_post` int(11) DEFAULT NULL,
  PRIMARY KEY (`id_comment`),
  KEY `fk_comment_1_idx` (`username`),
  KEY `fk_comment_2_idx` (`id_post`),
  CONSTRAINT `fk_comment_1` FOREIGN KEY (`username`) REFERENCES `user` (`username`),
  CONSTRAINT `fk_comment_2` FOREIGN KEY (`id_post`) REFERENCES `post` (`id_post`) ON DELETE NO ACTION ON UPDATE NO ACTION
) ENGINE=InnoDB AUTO_INCREMENT=13 DEFAULT CHARSET=utf8;
/*!40101 SET character_set_client = @saved_cs_client */;

--
-- Dumping data for table `comment`
--

LOCK TABLES `comment` WRITE;
/*!40000 ALTER TABLE `comment` DISABLE KEYS */;
INSERT INTO `comment` VALUES (1,'1','','2021-01-02 15:46:56','duy',24),(2,'Lorem ipsum dolor sit amet, consectetur adipiscing elit, sed do eiusmod tempor incididunt ut labore et dolore magna aliqua.','','2021-01-04 15:43:53','duy',42),(3,'123','2','2021-01-04 16:24:14','duy',42),(6,'ádsadad',NULL,'2021-01-05 22:30:53','duy',42),(7,'à',NULL,'2021-01-05 22:35:14','duy',42),(8,'hay quá',NULL,'2021-01-11 21:28:11','duy123',46),(10,'hay ghe',NULL,'2021-01-12 17:03:55','duy1',49),(11,'hay qua',NULL,'2021-01-13 08:01:07','duy',51),(12,'',NULL,'2021-01-13 08:01:52','duy2',51);
/*!40000 ALTER TABLE `comment` ENABLE KEYS */;
UNLOCK TABLES;

--
-- Table structure for table `post`
--

DROP TABLE IF EXISTS `post`;
/*!40101 SET @saved_cs_client     = @@character_set_client */;
/*!40101 SET character_set_client = utf8 */;
CREATE TABLE `post` (
  `id_post` int(11) NOT NULL AUTO_INCREMENT,
  `content` varchar(20000) DEFAULT NULL,
  `react` int(11) DEFAULT NULL,
  `date` datetime DEFAULT CURRENT_TIMESTAMP,
  `username` varchar(50) DEFAULT NULL,
  `id_category` int(11) DEFAULT NULL,
  `title` varchar(500) DEFAULT NULL,
  `thumb` varchar(100) DEFAULT 'default.jpg',
  PRIMARY KEY (`id_post`),
  KEY `fk_post_1_idx` (`username`),
  CONSTRAINT `fk_post_1` FOREIGN KEY (`username`) REFERENCES `user` (`username`)
) ENGINE=InnoDB AUTO_INCREMENT=52 DEFAULT CHARSET=utf8;
/*!40101 SET character_set_client = @saved_cs_client */;

--
-- Dumping data for table `post`
--

LOCK TABLES `post` WRITE;
/*!40000 ALTER TABLE `post` DISABLE KEYS */;
INSERT INTO `post` VALUES (10,'<p>sđadsđad</p>',0,'2021-01-01 15:42:15','duy',4,'FetchTypeFetchTypeFetchTypeFetchType','images/default.jpg'),(24,'<p>123123213</p>',0,'2021-01-01 20:04:06','duy',6,'FetchTypeFetchTypeFetchTypeFetchType','images/default.jpg'),(25,'<p>123213123</p>',0,'2021-01-01 20:05:36','duy',1,'FetchTypeFetchTypeFetchTypeFetchType','images/default.jpg'),(26,'<p>11111111111111111111111111111111111111111111111</p>',0,'2021-01-01 20:18:22','duy',2,'FetchTypeFetchTypeFetchTypeFetchType','images/default.jpg'),(27,'<p>sadasdas</p>',0,'2021-01-01 20:19:10','duy',1,'FetchTypeFetchTypeFetchTypeFetchType','images/default.jpg'),(28,'<p>sadsadadsadsadadsadsadadsadsadad</p>',0,'2021-01-01 20:21:38','duy',6,'FetchTypeFetchTypeFetchTypeFetchType','images/default.jpg'),(29,'<p>&aacute;dsadsad</p>',0,'2021-01-01 20:25:59','duy',6,'FetchTypeFetchTypeFetchTypeFetchType','images/default.jpg'),(31,'<p>ưqewqe</p>',0,'2021-01-01 20:27:27','duy',6,'FetchTypeFetchTypeFetchTypeFetchType','images/default.jpg'),(32,'<p>fsdfsf</p>',0,'2021-01-01 20:30:00','duy',3,'FetchTypeFetchTypeFetchTypeFetchType','images/default.jpg'),(33,'<p>fsdfsf</p>',0,'2021-01-01 20:30:07','duy',3,'FetchTypeFetchTypeFetchTypeFetchType','images/default.jpg'),(34,'<p>sdfdsfsfd</p>',0,'2021-01-01 20:30:16','duy',2,'FetchTypeFetchTypeFetchTypeFetchType','images/default.jpg'),(35,'<p>sdfdsfsfd</p>',0,'2021-01-01 20:30:17','duy',2,'FetchTypeFetchTypeFetchTypeFetchType','images/default.jpg'),(36,'<p>sdfdsfsfd</p>',0,'2021-01-01 20:30:17','duy',2,'FetchTypeFetchTypeFetchTypeFetchType','images/default.jpg'),(37,'<p>sdfdsfsfd</p>',0,'2021-01-01 20:30:17','duy',2,'FetchTypeFetchTypeFetchTypeFetchType','images/default.jpg'),(38,'<p>sdfdsdf</p>',0,'2021-01-01 20:33:56','duy',1,'Thời điểm Michigan thành tâm dịch Covid-19','images/default.jpg'),(39,'<p>sdfds</p>',0,'2021-01-01 20:34:34','duy',5,'Giới quý tộc London trong bộ tiểu thuyết \'Bridgerton\'','images/default.jpg'),(40,'<p>qưewqe</p>',0,'2021-01-01 20:35:22','duy',5,'Kiểm toán viên quan trọng đến mức nào?','images/default.jpg'),(41,'<p>&aacute;dsada</p>',0,'2021-01-01 20:35:44','duy',5,'Chuyện kiếm hiệp ngôn tình về \'Hữu Phỉ\'','images/default.jpg'),(42,'<p>hello</p>',0,'2021-01-04 15:43:07','duy',5,'Yêu người xứng đáng','images/default.jpg'),(45,'<p style=\'box-sizing: border-box; text-rendering: geometricprecision; outline: 0px; -webkit-font-smoothing: antialiased; margin: 0px 0px 18px; padding: 0px; border: 0px; font-size: 1.1em; vertical-align: baseline; background: transparent; text-size-adjust: 100%; font-family: \"Noto Serif\", serif; line-height: 1.618; font-weight: bold; color: rgb(51, 51, 51); clear: both; float: left; width: 660px; font-style: normal; font-variant-ligatures: normal; font-variant-caps: normal; letter-spacing: normal; orphans: 2; text-align: start; text-indent: 0px; text-transform: none; white-space: normal; widows: 2; word-spacing: 0px; -webkit-text-stroke-width: 0px; text-decoration-thickness: initial; text-decoration-style: initial; text-decoration-color: initial;\'>Do chủng mới của virus Covid-19 l&acirc;y lan nhanh hơn ở nhiều nước, Thủ tướng chỉ đạo hạn chế c&aacute;c chuyến bay đưa người nhập cảnh v&agrave;o Việt Nam từ nay đến Tết Nguy&ecirc;n đ&aacute;n.</p><div style=\'box-sizing: border-box; text-rendering: geometricprecision; outline: 0px; -webkit-font-smoothing: antialiased; margin: 0px; padding: 0px; border: 0px; font-size: 1.1em; vertical-align: baseline; background: transparent; text-size-adjust: 100%; float: left; width: 660px; position: relative; font-family: \"Noto Serif\", serif; color: rgb(51, 51, 51); line-height: 1.618; font-style: normal; font-variant-ligatures: normal; font-variant-caps: normal; font-weight: 400; letter-spacing: normal; orphans: 2; text-align: start; text-indent: 0px; text-transform: none; white-space: normal; widows: 2; word-spacing: 0px; -webkit-text-stroke-width: 0px; text-decoration-thickness: initial; text-decoration-style: initial; text-decoration-color: initial;\'><p style=\"box-sizing: border-box; text-rendering: geometricprecision; outline: 0px; -webkit-font-smoothing: antialiased; margin-top: 0px !important; margin-right: 0px; margin-bottom: 18px; margin-left: 0px; padding: 0px; border: 0px; font-size: 17.6px; vertical-align: baseline; background: transparent; text-size-adjust: 100%; float: none; width: 660px;\">Văn ph&ograve;ng Ch&iacute;nh phủ vừa c&oacute; c&ocirc;ng văn truyền đạt &yacute; kiến của Thủ tướng Nguyễn Xu&acirc;n Ph&uacute;c về việc thực hiện chuyến bay đưa c&ocirc;ng d&acirc;n Việt Nam ở nước ngo&agrave;i về nước giai đoạn qu&yacute; I/2021.</p><p style=\"box-sizing: border-box; text-rendering: geometricprecision; outline: 0px; -webkit-font-smoothing: antialiased; margin: 18px 0px; padding: 0px; border: 0px; font-size: 17.6px; vertical-align: baseline; background: transparent; text-size-adjust: 100%;\">Trong bối cảnh chủng mới của virus Covid-19 l&acirc;y lan nhanh hơn ở nhiều nước, người đứng đầu Ch&iacute;nh phủ chỉ đạo hạn chế c&aacute;c chuyến bay đưa người nhập cảnh v&agrave;o Việt Nam từ nay đến Tết Nguy&ecirc;n đ&aacute;n. Trường hợp thực sự cần thiết, từng chuyến bay đ&oacute;n người về phải được c&aacute;c Bộ Y tế, Ngoại giao, Quốc ph&ograve;ng, C&ocirc;ng an, Giao th&ocirc;ng Vận tải thống nhất, b&aacute;o c&aacute;o Thủ tướng xem x&eacute;t quyết định.</p><p style=\"box-sizing: border-box; text-rendering: geometricprecision; outline: 0px; -webkit-font-smoothing: antialiased; margin: 18px 0px; padding: 0px; border: 0px; font-size: 17.6px; vertical-align: baseline; background: transparent; text-size-adjust: 100%;\">Thủ tướng giao Bộ Quốc ph&ograve;ng chủ tr&igrave;, phối hợp với Bộ Y tế chuẩn bị kỹ lưỡng c&aacute;c cơ sở vật chất để c&aacute;ch ly người Việt Nam nhập cảnh tập trung. Thời hạn, quy tr&igrave;nh c&aacute;ch ly cần được r&agrave; so&aacute;t, xem x&eacute;t ph&ugrave; hợp với y&ecirc;u cầu ph&ograve;ng chống l&acirc;y lan của chủng virus mới, đảm bảo tuyệt đối an to&agrave;n.</p><p style=\"box-sizing: border-box; text-rendering: geometricprecision; outline: 0px; -webkit-font-smoothing: antialiased; margin: 18px 0px; padding: 0px; border: 0px; font-size: 17.6px; vertical-align: baseline; background: transparent; text-size-adjust: 100%;\"><img src=\"images/11-01-2021 21-20-11 1610374810722.png\" style=\"width: 375px;\" class=\"fr-fic fr-dib\"></p><p style=\'box-sizing: border-box; text-rendering: geometricprecision; outline: 0px; -webkit-font-smoothing: antialiased; margin: 18px 0px; padding: 0px; border: 0px; font-size: 17.6px; vertical-align: baseline; background: rgb(255, 255, 255); text-size-adjust: 100%; color: rgb(51, 51, 51); font-family: \"Noto Serif\", serif; font-style: normal; font-variant-ligatures: normal; font-variant-caps: normal; font-weight: 400; letter-spacing: normal; orphans: 2; text-align: start; text-indent: 0px; text-transform: none; white-space: normal; widows: 2; word-spacing: 0px; -webkit-text-stroke-width: 0px; text-decoration-thickness: initial; text-decoration-style: initial; text-decoration-color: initial;\'>UBND c&aacute;c tỉnh, th&agrave;nh phố được y&ecirc;u cầu tăng cường kiểm tra c&aacute;c cơ sở c&aacute;ch ly (ngo&agrave;i c&aacute;c khu do qu&acirc;n đội quản l&yacute;), đảm bảo tu&acirc;n thủ nghi&ecirc;m c&aacute;c quy định về ph&ograve;ng chống dịch.</p><p style=\'box-sizing: border-box; text-rendering: geometricprecision; outline: 0px; -webkit-font-smoothing: antialiased; margin: 18px 0px; padding: 0px; border: 0px; font-size: 17.6px; vertical-align: baseline; background: rgb(255, 255, 255); text-size-adjust: 100%; color: rgb(51, 51, 51); font-family: \"Noto Serif\", serif; font-style: normal; font-variant-ligatures: normal; font-variant-caps: normal; font-weight: 400; letter-spacing: normal; orphans: 2; text-align: start; text-indent: 0px; text-transform: none; white-space: normal; widows: 2; word-spacing: 0px; -webkit-text-stroke-width: 0px; text-decoration-thickness: initial; text-decoration-style: initial; text-decoration-color: initial;\'>Theo y&ecirc;u cầu của Thủ tướng, những người nhập cảnh theo diện c&aacute;ch ly ngắn ng&agrave;y đều phải thực hiện c&aacute;ch ly tập trung 14 ng&agrave;y, trừ c&aacute;c trường hợp đặc biệt do Bộ Ngoại giao xem x&eacute;t, quyết định.</p><p style=\'box-sizing: border-box; text-rendering: geometricprecision; outline: 0px; -webkit-font-smoothing: antialiased; margin: 18px 0px; padding: 0px; border: 0px; font-size: 17.6px; vertical-align: baseline; background: rgb(255, 255, 255); text-size-adjust: 100%; color: rgb(51, 51, 51); font-family: \"Noto Serif\", serif; font-style: normal; font-variant-ligatures: normal; font-variant-caps: normal; font-weight: 400; letter-spacing: normal; orphans: 2; text-align: start; text-indent: 0px; text-transform: none; white-space: normal; widows: 2; word-spacing: 0px; -webkit-text-stroke-width: 0px; text-decoration-thickness: initial; text-decoration-style: initial; text-decoration-color: initial;\'>Thủ tướng chỉ đạo Bộ Y tế, UBND c&aacute;c tỉnh, th&agrave;nh phố thực hiện nghi&ecirc;m ngặt việc tiếp nhận, vận chuyển, theo d&otilde;i y tế đối với người đ&atilde; hết hạn c&aacute;ch ly tập trung; xử l&yacute; nghi&ecirc;m c&aacute;c tổ chức, c&aacute; nh&acirc;n vi phạm.</p><p style=\'box-sizing: border-box; text-rendering: geometricprecision; outline: 0px; -webkit-font-smoothing: antialiased; margin: 18px 0px; padding: 0px; border: 0px; font-size: 17.6px; vertical-align: baseline; background: rgb(255, 255, 255); text-size-adjust: 100%; color: rgb(51, 51, 51); font-family: \"Noto Serif\", serif; font-style: normal; font-variant-ligatures: normal; font-variant-caps: normal; font-weight: 400; letter-spacing: normal; orphans: 2; text-align: start; text-indent: 0px; text-transform: none; white-space: normal; widows: 2; word-spacing: 0px; -webkit-text-stroke-width: 0px; text-decoration-thickness: initial; text-decoration-style: initial; text-decoration-color: initial;\'>Người đứng đầu Ch&iacute;nh phủ giao Bộ Quốc ph&ograve;ng, Bộ C&ocirc;ng an tăng cường quản l&yacute; xuất nhập cảnh qua bi&ecirc;n giới đường bộ, đường thủy, đường biển. Bộ C&ocirc;ng an, UBND c&aacute;c tỉnh, th&agrave;nh phố chỉ đạo ch&iacute;nh quyền cơ sở tăng cường tuy&ecirc;n truyền, vận động c&aacute;c gia đ&igrave;nh c&oacute; người th&acirc;n đang ở nước ngo&agrave;i kh&ocirc;ng nhập cảnh tr&aacute;i ph&eacute;p.</p><p style=\'box-sizing: border-box; text-rendering: geometricprecision; outline: 0px; -webkit-font-smoothing: antialiased; margin: 18px 0px; padding: 0px; border: 0px; font-size: 17.6px; vertical-align: baseline; background: rgb(255, 255, 255); text-size-adjust: 100%; color: rgb(51, 51, 51); font-family: \"Noto Serif\", serif; font-style: normal; font-variant-ligatures: normal; font-variant-caps: normal; font-weight: 400; letter-spacing: normal; orphans: 2; text-align: start; text-indent: 0px; text-transform: none; white-space: normal; widows: 2; word-spacing: 0px; -webkit-text-stroke-width: 0px; text-decoration-thickness: initial; text-decoration-style: initial; text-decoration-color: initial;\'>C&aacute;c trường hợp về nước bằng đường bộ c&oacute; ho&agrave;n cảnh thực sự kh&oacute; khăn được Nh&agrave; nước xem x&eacute;t, hỗ trợ kinh ph&iacute; c&aacute;ch ly.</p><p style=\'box-sizing: border-box; text-rendering: geometricprecision; outline: 0px; -webkit-font-smoothing: antialiased; margin: 18px 0px; padding: 0px; border: 0px; font-size: 17.6px; vertical-align: baseline; background: rgb(255, 255, 255); text-size-adjust: 100%; color: rgb(51, 51, 51); font-family: \"Noto Serif\", serif; font-style: normal; font-variant-ligatures: normal; font-variant-caps: normal; font-weight: 400; letter-spacing: normal; orphans: 2; text-align: start; text-indent: 0px; text-transform: none; white-space: normal; widows: 2; word-spacing: 0px; -webkit-text-stroke-width: 0px; text-decoration-thickness: initial; text-decoration-style: initial; text-decoration-color: initial;\'>Sau dịp Tết Nguy&ecirc;n Đ&aacute;n, Bộ Giao th&ocirc;ng Vận tải nghi&ecirc;n cứu, th&uacute;c đẩy việc nối lại chuyến bay thương mại thường lệ tới c&aacute;c nước theo chỉ đạo của Thủ tướng, nhằm phục vụ &ldquo;mục ti&ecirc;u k&eacute;p&rdquo; v&agrave; đ&aacute;p ứng nhu cầu đi lại cơ bản, thiết yếu của c&ocirc;ng d&acirc;n.</p><p style=\'box-sizing: border-box; text-rendering: geometricprecision; outline: 0px; -webkit-font-smoothing: antialiased; margin: 18px 0px; padding: 0px; border: 0px; font-size: 17.6px; vertical-align: baseline; background: rgb(255, 255, 255); text-size-adjust: 100%; color: rgb(51, 51, 51); font-family: \"Noto Serif\", serif; font-style: normal; font-variant-ligatures: normal; font-variant-caps: normal; font-weight: 400; letter-spacing: normal; orphans: 2; text-align: start; text-indent: 0px; text-transform: none; white-space: normal; widows: 2; word-spacing: 0px; -webkit-text-stroke-width: 0px; text-decoration-thickness: initial; text-decoration-style: initial; text-decoration-color: initial;\'>Trước đ&oacute;, ng&agrave;y 5/1, Thủ tướng Nguyễn Xu&acirc;n Ph&uacute;c k&yacute; ban h&agrave;nh Chỉ thị số 01 về tăng cường ph&ograve;ng, chống dịch bệnh Covid-19. Người đứng đầu Ch&iacute;nh phủ quyết định tạm dừng tổ chức c&aacute;c chuyến bay về Việt Nam từ c&aacute;c quốc gia, v&ugrave;ng l&atilde;nh thổ c&oacute; l&acirc;y nhiễm chủng biến thể mới của virus SARS-CoV-2 v&agrave; đang c&oacute; dịch diễn biến phức tạp, trước hết l&agrave; từ Anh, Nam Phi.</p><p style=\'box-sizing: border-box; text-rendering: geometricprecision; outline: 0px; -webkit-font-smoothing: antialiased; margin: 18px 0px; padding: 0px; border: 0px; font-size: 17.6px; vertical-align: baseline; background: rgb(255, 255, 255); text-size-adjust: 100%; color: rgb(51, 51, 51); font-family: \"Noto Serif\", serif; font-style: normal; font-variant-ligatures: normal; font-variant-caps: normal; font-weight: 400; letter-spacing: normal; orphans: 2; text-align: start; text-indent: 0px; text-transform: none; white-space: normal; widows: 2; word-spacing: 0px; -webkit-text-stroke-width: 0px; text-decoration-thickness: initial; text-decoration-style: initial; text-decoration-color: initial;\'>Thủ tướng giao Bộ Ngoại giao chủ tr&igrave;, phối hợp Bộ Y tế, Bộ Giao th&ocirc;ng Vận tải x&aacute;c định cụ thể c&aacute;c nước để &aacute;p dụng biện ph&aacute;p n&agrave;y.</p></div>',0,'2021-01-11 21:22:44','duy123',1,'Hạn chế chuyến bay đưa người nhập cảnh vào Việt Nam','images/11-01-2021 21-20-11 1610374810722.png'),(46,'<p style=\'box-sizing: border-box; text-rendering: geometricprecision; outline: 0px; -webkit-font-smoothing: antialiased; margin: 18px 0px; padding: 0px; border: 0px; font-size: 17.6px; vertical-align: baseline; background: rgb(255, 255, 255); text-size-adjust: 100%; clear: both; color: rgb(51, 51, 51); font-family: \"Noto Serif\", serif; font-style: normal; font-variant-ligatures: normal; font-variant-caps: normal; font-weight: 400; letter-spacing: normal; orphans: 2; text-align: start; text-indent: 0px; text-transform: none; white-space: normal; widows: 2; word-spacing: 0px; -webkit-text-stroke-width: 0px; text-decoration-thickness: initial; text-decoration-style: initial; text-decoration-color: initial;\'>Chiều 11/1, Ban chỉ huy Ph&ograve;ng chống thi&ecirc;n tai v&agrave; T&igrave;m kiếm cứu nạn tỉnh L&agrave;o Cai b&aacute;o c&aacute;o t&igrave;nh h&igrave;nh r&eacute;t đậm, r&eacute;t hại tr&ecirc;n địa b&agrave;n. Trước đ&oacute;, ảnh hưởng của kh&ocirc;ng kh&iacute; lạnh tăng cường khiến v&ugrave;ng n&uacute;i cao của tỉnh n&agrave;y xuất hiện băng tuyết.</p><p style=\'box-sizing: border-box; text-rendering: geometricprecision; outline: 0px; -webkit-font-smoothing: antialiased; margin: 18px 0px; padding: 0px; border: 0px; font-size: 17.6px; vertical-align: baseline; background: rgb(255, 255, 255); text-size-adjust: 100%; color: rgb(51, 51, 51); font-family: \"Noto Serif\", serif; font-style: normal; font-variant-ligatures: normal; font-variant-caps: normal; font-weight: 400; letter-spacing: normal; orphans: 2; text-align: start; text-indent: 0px; text-transform: none; white-space: normal; widows: 2; word-spacing: 0px; -webkit-text-stroke-width: 0px; text-decoration-thickness: initial; text-decoration-style: initial; text-decoration-color: initial;\'>Theo kết quả quan trắc nhiệt độ, v&ugrave;ng n&uacute;i cao ở L&agrave;o Cai đang r&eacute;t hại rất s&acirc;u. Thị trấn Bắc H&agrave; dao động trong ngưỡng nhiệt 2,7-6 độ C, thị x&atilde; Sa Pa -0,8 độ C, trong khi huyện B&aacute;t X&aacute;t ghi nhận mức nhiệt dao động 0-3,4 độ C.</p><p style=\'box-sizing: border-box; text-rendering: geometricprecision; outline: 0px; -webkit-font-smoothing: antialiased; margin: 18px 0px; padding: 0px; border: 0px; font-size: 17.6px; vertical-align: baseline; background: rgb(255, 255, 255); text-size-adjust: 100%; color: rgb(51, 51, 51); font-family: \"Noto Serif\", serif; font-style: normal; font-variant-ligatures: normal; font-variant-caps: normal; font-weight: 400; letter-spacing: normal; orphans: 2; text-align: start; text-indent: 0px; text-transform: none; white-space: normal; widows: 2; word-spacing: 0px; -webkit-text-stroke-width: 0px; text-decoration-thickness: initial; text-decoration-style: initial; text-decoration-color: initial;\'>Hiện, một số x&atilde; của huyện B&aacute;t X&aacute;t, tỉnh L&agrave;o Cai, ghi nhận tuyết rơi d&agrave;y 10-20 cm, nhiệt độ tiếp tục xuống thấp. Nhiều nơi xuất hiện lớp băng tuyết d&agrave;y 5 cm gồm: &Ocirc; Qu&yacute; Hồ, Tả Van, Mường Hoa, Fansipan - Sa Pa...</p><p style=\'box-sizing: border-box; text-rendering: geometricprecision; outline: 0px; -webkit-font-smoothing: antialiased; margin: 18px 0px; padding: 0px; border: 0px; font-size: 17.6px; vertical-align: baseline; background: rgb(255, 255, 255); text-size-adjust: 100%; color: rgb(51, 51, 51); font-family: \"Noto Serif\", serif; font-style: normal; font-variant-ligatures: normal; font-variant-caps: normal; font-weight: 400; letter-spacing: normal; orphans: 2; text-align: start; text-indent: 0px; text-transform: none; white-space: normal; widows: 2; word-spacing: 0px; -webkit-text-stroke-width: 0px; text-decoration-thickness: initial; text-decoration-style: initial; text-decoration-color: initial;\'>Theo thống k&ecirc; ban đầu, băng tuyết ảnh hưởng nặng nề đến sản xuất n&ocirc;ng nghiệp, chăn nu&ocirc;i gia s&uacute;c của người d&acirc;n miền n&uacute;i. Ri&ecirc;ng tại L&agrave;o Cai, hơn 34 con tr&acirc;u chết do gi&aacute; r&eacute;t.</p><p style=\'box-sizing: border-box; text-rendering: geometricprecision; outline: 0px; -webkit-font-smoothing: antialiased; margin: 18px 0px; padding: 0px; border: 0px; font-size: 17.6px; vertical-align: baseline; background: rgb(255, 255, 255); text-size-adjust: 100%; color: rgb(51, 51, 51); font-family: \"Noto Serif\", serif; font-style: normal; font-variant-ligatures: normal; font-variant-caps: normal; font-weight: 400; letter-spacing: normal; orphans: 2; text-align: start; text-indent: 0px; text-transform: none; white-space: normal; widows: 2; word-spacing: 0px; -webkit-text-stroke-width: 0px; text-decoration-thickness: initial; text-decoration-style: initial; text-decoration-color: initial;\'>Nhiều địa phương kh&aacute;c chưa thể thống k&ecirc; thiệt hại do băng tuyết chưa tan, tuyết vẫn rơi d&agrave;y. Tỉnh L&agrave;o Cai ước t&iacute;nh thiệt hại ban đầu do r&eacute;t đậm, r&eacute;t hại g&acirc;y ra l&agrave; hơn 450 triệu đồng.</p><p style=\'box-sizing: border-box; text-rendering: geometricprecision; outline: 0px; -webkit-font-smoothing: antialiased; margin: 18px 0px; padding: 0px; border: 0px; font-size: 17.6px; vertical-align: baseline; background: rgb(255, 255, 255); text-size-adjust: 100%; color: rgb(51, 51, 51); font-family: \"Noto Serif\", serif; font-style: normal; font-variant-ligatures: normal; font-variant-caps: normal; font-weight: 400; letter-spacing: normal; orphans: 2; text-align: start; text-indent: 0px; text-transform: none; white-space: normal; widows: 2; word-spacing: 0px; -webkit-text-stroke-width: 0px; text-decoration-thickness: initial; text-decoration-style: initial; text-decoration-color: initial;\'><img src=\"images/11-01-2021 21-27-41 1610375260985.png\" style=\"width: 300px;\" class=\"fr-fic fr-dib\"></p><p style=\'box-sizing: border-box; text-rendering: geometricprecision; outline: 0px; -webkit-font-smoothing: antialiased; margin: 18px 0px; padding: 0px; border: 0px; font-size: 17.6px; vertical-align: baseline; background: rgb(255, 255, 255); text-size-adjust: 100%; color: rgb(51, 51, 51); font-family: \"Noto Serif\", serif; font-style: normal; font-variant-ligatures: normal; font-variant-caps: normal; font-weight: 400; letter-spacing: normal; orphans: 2; text-align: start; text-indent: 0px; text-transform: none; white-space: normal; widows: 2; word-spacing: 0px; -webkit-text-stroke-width: 0px; text-decoration-thickness: initial; text-decoration-style: initial; text-decoration-color: initial;\'>Trước t&igrave;nh h&igrave;nh r&eacute;t đậm, r&eacute;t hại c&ograve;n k&eacute;o d&agrave;i, Ban chỉ huy Ph&ograve;ng chống thi&ecirc;n tai v&agrave; T&igrave;m kiếm cứu nạn cho biết đơn vị đ&atilde; y&ecirc;u cầu UBND c&aacute;c huyện, thị x&atilde;, th&agrave;nh phố, đ&ocirc;n đốc c&ocirc;ng t&aacute;c ph&ograve;ng chống r&eacute;t cho người, c&acirc;y trồng, vật nu&ocirc;i. C&ocirc;ng t&aacute;c bảo vệ sức khỏe người gi&agrave;, trẻ em được đặc biệt quan t&acirc;m.</p><p style=\'box-sizing: border-box; text-rendering: geometricprecision; outline: 0px; -webkit-font-smoothing: antialiased; margin: 18px 0px; padding: 0px; border: 0px; font-size: 17.6px; vertical-align: baseline; background: rgb(255, 255, 255); text-size-adjust: 100%; color: rgb(51, 51, 51); font-family: \"Noto Serif\", serif; font-style: normal; font-variant-ligatures: normal; font-variant-caps: normal; font-weight: 400; letter-spacing: normal; orphans: 2; text-align: start; text-indent: 0px; text-transform: none; white-space: normal; widows: 2; word-spacing: 0px; -webkit-text-stroke-width: 0px; text-decoration-thickness: initial; text-decoration-style: initial; text-decoration-color: initial;\'>Người d&acirc;n ở những huyện, thị x&atilde; như Sa Pa, B&aacute;t X&aacute;t được hướng dẫn di chuyển đ&agrave;n gia s&uacute;c xuống v&ugrave;ng thấp tr&aacute;nh r&eacute;t v&agrave; dự trữ thức ăn cho vật nu&ocirc;i. Ngo&agrave;i ra, ph&ograve;ng gi&aacute;o dục c&aacute;c huyện Mường Khương, Bắc H&agrave;, Si Ma Cai, B&aacute;t X&aacute;t, thị x&atilde; Sa Pa tiếp tục cho học sinh nghỉ học.</p>',0,'2021-01-11 21:27:58','duy123',2,'Tuyết phủ dày 20 cm, trâu bò chết cóng','images/11-01-2021 21-20-11 1610374810722.png'),(48,'<p style=\'box-sizing: border-box; text-rendering: geometricprecision; outline: 0px; -webkit-font-smoothing: antialiased; margin: 0px 0px 18px -300px; padding: 20px 0px; border: 0px; font-size: 1.1rem; vertical-align: baseline; background: transparent; text-size-adjust: 100%; font-family: \"Noto Serif\", serif; line-height: 1.6; font-weight: bold; color: rgb(51, 51, 51); clear: both; float: left; width: 600px; position: relative; left: 500px; text-align: left; font-style: normal; font-variant-ligatures: normal; font-variant-caps: normal; letter-spacing: normal; orphans: 2; text-indent: 0px; text-transform: none; white-space: normal; widows: 2; word-spacing: 0px; -webkit-text-stroke-width: 0px; text-decoration-thickness: initial; text-decoration-style: initial; text-decoration-color: initial;\'>Mỗi đơn vị l&agrave;m s&aacute;ch đều chăm ch&uacute;t cho ấn phẩm của m&igrave;nh, gửi tới bạn đọc m&oacute;n ăn tinh thần phong ph&uacute; dịp Tết T&acirc;n Sửu 2021.</p><div style=\'box-sizing: border-box; text-rendering: geometricprecision; outline: 0px; -webkit-font-smoothing: antialiased; margin: 0px 0px 0px -300px; padding: 0px; border: 0px; font-size: 1.1rem; vertical-align: baseline; background: transparent; text-size-adjust: 100%; float: left; width: 600px; position: relative; font-family: \"Noto Serif\", serif; color: rgb(51, 51, 51); line-height: 1.6; clear: both; left: 500px; font-style: normal; font-variant-ligatures: normal; font-variant-caps: normal; font-weight: 400; letter-spacing: normal; orphans: 2; text-align: start; text-indent: 0px; text-transform: none; white-space: normal; widows: 2; word-spacing: 0px; -webkit-text-stroke-width: 0px; text-decoration-thickness: initial; text-decoration-style: initial; text-decoration-color: initial;\'><p style=\"box-sizing: border-box; text-rendering: geometricprecision; outline: 0px; -webkit-font-smoothing: antialiased; margin-right: 0px; margin-bottom: 18px; margin-left: 0px; padding: 0px; border: 0px; font-size: 17.6px; vertical-align: baseline; background: transparent; text-size-adjust: 100%; float: none; width: 600px; margin-top: 0px !important; text-align: left;\">Từ năm 2019, C&ocirc;ng ty Đ&ocirc;ng A ph&aacute;t h&agrave;nh&nbsp;<em style=\"box-sizing: border-box; text-rendering: geometricprecision; outline: 0px; -webkit-font-smoothing: antialiased; margin: 0px; padding: 0px; border: 0px; font-size: 17.6px; vertical-align: baseline; background: transparent; text-size-adjust: 100%;\">S&aacute;ch Tết Kỷ Hợi</em>, nối lại truyền thống l&agrave;m s&aacute;ch Tết đ&atilde; đứt g&atilde;y khoảng 60 năm. Ba năm nay, một số đơn vị xuất bản đ&atilde; tham gia l&agrave;m s&aacute;ch Tết, tạo th&agrave;nh tr&agrave;o lưu đẹp mỗi dịp Tết đến xu&acirc;n về.</p><p style=\"box-sizing: border-box; text-rendering: geometricprecision; outline: 0px; -webkit-font-smoothing: antialiased; margin: 18px 0px; padding: 0px; border: 0px; font-size: 17.6px; vertical-align: baseline; background: transparent; text-size-adjust: 100%; text-align: left;\">Trước thềm Tết T&acirc;n Sửu, một số cuốn s&aacute;ch đ&atilde; kịp ra mắt, gửi m&oacute;n ăn tinh thần đến bạn đọc.</p><p style=\"box-sizing: border-box; text-rendering: geometricprecision; outline: 0px; -webkit-font-smoothing: antialiased; margin: 18px 0px; padding: 0px; border: 0px; font-size: 17.6px; vertical-align: baseline; background: transparent; text-size-adjust: 100%; text-align: left;\"><img src=\"images/11-01-2021 21-41-27 1610376086262.png\" style=\"width: 300px;\" class=\"fr-fic fr-dib\"></p><h3 style=\'box-sizing: border-box; text-rendering: geometricprecision; outline: 0px; -webkit-font-smoothing: antialiased; margin: 10px 0px; padding: 30px 108px 10px; border: 0px; font-size: 1.8rem; vertical-align: baseline; background: rgb(255, 255, 255); text-size-adjust: 100%; float: left; width: 600px; letter-spacing: -1px; text-align: center; line-height: 1.2; display: block; font-weight: bold; color: rgb(51, 51, 51); font-family: \"Noto Serif\", serif; font-style: normal; font-variant-ligatures: normal; font-variant-caps: normal; orphans: 2; text-indent: 0px; text-transform: none; white-space: normal; widows: 2; word-spacing: 0px; -webkit-text-stroke-width: 0px; text-decoration-thickness: initial; text-decoration-style: initial; text-decoration-color: initial;\'>Tết xưa, Tết nay trong trang s&aacute;ch</h3><p style=\'box-sizing: border-box; text-rendering: geometricprecision; outline: 0px; -webkit-font-smoothing: antialiased; margin: 0px 0px 18px; padding: 0px; border: 0px; font-size: 17.6px; vertical-align: baseline; background: rgb(255, 255, 255); text-size-adjust: 100%; clear: both; color: rgb(51, 51, 51); font-family: \"Noto Serif\", serif; font-style: normal; font-variant-ligatures: normal; font-variant-caps: normal; font-weight: 400; letter-spacing: normal; orphans: 2; text-align: start; text-indent: 0px; text-transform: none; white-space: normal; widows: 2; word-spacing: 0px; -webkit-text-stroke-width: 0px; text-decoration-thickness: initial; text-decoration-style: initial; text-decoration-color: initial;\'>Với kinh nghiệm v&agrave; sự chuẩn bị kỹ c&agrave;ng, Đ&ocirc;ng A l&agrave; đơn vị đầu ti&ecirc;n tung ra<em style=\"box-sizing: border-box; text-rendering: geometricprecision; outline: 0px; -webkit-font-smoothing: antialiased; margin: 0px; padding: 0px; border: 0px; font-size: 17.6px; vertical-align: baseline; background: transparent; text-size-adjust: 100%;\">&nbsp;S&aacute;ch Tết T&acirc;n Sửu 2021</em>. Đ&acirc;y l&agrave; hợp tuyển văn thơ nhạc họa chủ đề m&ugrave;a xu&acirc;n v&agrave; ng&agrave;y Tết. Cuốn s&aacute;ch tập hợp t&aacute;c phẩm của hơn 60 t&aacute;c giả trong nhiều lĩnh vực nghệ thuật đương thời, bao gồm c&aacute;c nh&agrave; văn, nh&agrave; thơ, họa sĩ.</p><p style=\'box-sizing: border-box; text-rendering: geometricprecision; outline: 0px; -webkit-font-smoothing: antialiased; margin: 18px 0px; padding: 0px; border: 0px; font-size: 17.6px; vertical-align: baseline; background: rgb(255, 255, 255); text-size-adjust: 100%; color: rgb(51, 51, 51); font-family: \"Noto Serif\", serif; font-style: normal; font-variant-ligatures: normal; font-variant-caps: normal; font-weight: 400; letter-spacing: normal; orphans: 2; text-align: start; text-indent: 0px; text-transform: none; white-space: normal; widows: 2; word-spacing: 0px; -webkit-text-stroke-width: 0px; text-decoration-thickness: initial; text-decoration-style: initial; text-decoration-color: initial;\'>C&aacute;c t&aacute;c phẩm trong s&aacute;ch cho thấy n&eacute;t đẹp văn h&oacute;a truyền thống Việt Nam, những suy tư, t&igrave;nh cảm của con người dịp cuối năm, những trăn trở của người nghệ sĩ trước thời cuộc. Ở đ&oacute; c&ograve;n c&oacute; những vần thơ xu&acirc;n dịu d&agrave;ng, m&atilde;nh liệt sức sống, những c&acirc;u chuyện ng&agrave;y Tết ấm t&igrave;nh người; những bản nhạc xu&acirc;n, họa phẩm đặc sắc.</p><p style=\'box-sizing: border-box; text-rendering: geometricprecision; outline: 0px; -webkit-font-smoothing: antialiased; margin: 18px 0px; padding: 0px; border: 0px; font-size: 17.6px; vertical-align: baseline; background: rgb(255, 255, 255); text-size-adjust: 100%; color: rgb(51, 51, 51); font-family: \"Noto Serif\", serif; font-style: normal; font-variant-ligatures: normal; font-variant-caps: normal; font-weight: 400; letter-spacing: normal; orphans: 2; text-align: start; text-indent: 0px; text-transform: none; white-space: normal; widows: 2; word-spacing: 0px; -webkit-text-stroke-width: 0px; text-decoration-thickness: initial; text-decoration-style: initial; text-decoration-color: initial;\'><em style=\"box-sizing: border-box; text-rendering: geometricprecision; outline: 0px; -webkit-font-smoothing: antialiased; margin: 0px; padding: 0px; border: 0px; font-size: 17.6px; vertical-align: baseline; background: transparent; text-size-adjust: 100%;\">S&aacute;ch Tết T&acirc;n Sửu 2021</em> c&oacute; b&agrave;i viết của c&aacute;c nh&agrave; văn nổi tiếng như Nguyễn Huy Thiệp, Mạc Can, Hồ Anh Th&aacute;i; c&aacute;c c&acirc;y b&uacute;t mới mẻ nhưng kh&ocirc;ng k&eacute;m phần hấp dẫn như U&ocirc;ng Triều, Trương Anh Quốc, Nguyễn Ngọc Thuần&hellip; S&aacute;ch c&oacute; tranh minh họa đặc sắc của c&aacute;c họa sĩ như Th&agrave;nh Chương, L&ecirc; Tr&iacute; Dũng, Đỗ Phấn, Lương Xu&acirc;n Đo&agrave;n, Tạ Huy Long, Kim Duẩn, Ng&ocirc; Xu&acirc;n Kh&ocirc;i&hellip;</p></div>',0,'2021-01-11 21:41:48','duy123',3,'Món ngon ngày Tết qua những trang sách','images/11-01-2021 21-41-27 1610376086262.png'),(49,'<p style=\'box-sizing: border-box; text-rendering: geometricprecision; outline: 0px; -webkit-font-smoothing: antialiased; margin: 0px 0px 18px -300px; padding: 20px 0px; border: 0px; font-size: 1.1rem; vertical-align: baseline; background: transparent; text-size-adjust: 100%; font-family: \"Noto Serif\", serif; line-height: 1.6; font-weight: bold; color: rgb(51, 51, 51); clear: both; float: left; width: 600px; position: relative; left: 500px; text-align: left; font-style: normal; font-variant-ligatures: normal; font-variant-caps: normal; letter-spacing: normal; orphans: 2; text-indent: 0px; text-transform: none; white-space: normal; widows: 2; word-spacing: 0px; -webkit-text-stroke-width: 0px; text-decoration-thickness: initial; text-decoration-style: initial; text-decoration-color: initial;\'>Cuốn s&aacute;ch &quot;Ăn l&agrave; nguồn y&ecirc;u sống&quot; gi&uacute;p người đọc vứt bỏ nỗi xấu hổ, bối rối, lo lắng về thực phẩm, về việc ăn uống v&agrave; sống đ&uacute;ng với cơ thể đang c&oacute; của mỗi người.</p><div style=\'box-sizing: border-box; text-rendering: geometricprecision; outline: 0px; -webkit-font-smoothing: antialiased; margin: 0px 0px 0px -300px; padding: 0px; border: 0px; font-size: 1.1rem; vertical-align: baseline; background: transparent; text-size-adjust: 100%; float: left; width: 600px; position: relative; font-family: \"Noto Serif\", serif; color: rgb(51, 51, 51); line-height: 1.6; clear: both; left: 500px; font-style: normal; font-variant-ligatures: normal; font-variant-caps: normal; font-weight: 400; letter-spacing: normal; orphans: 2; text-align: start; text-indent: 0px; text-transform: none; white-space: normal; widows: 2; word-spacing: 0px; -webkit-text-stroke-width: 0px; text-decoration-thickness: initial; text-decoration-style: initial; text-decoration-color: initial;\'><p style=\"box-sizing: border-box; text-rendering: geometricprecision; outline: 0px; -webkit-font-smoothing: antialiased; margin-right: 0px; margin-bottom: 18px; margin-left: 0px; padding: 0px; border: 0px; font-size: 17.6px; vertical-align: baseline; background: transparent; text-size-adjust: 100%; float: none; width: 600px; margin-top: 0px !important; text-align: left;\">Đối với phần đ&ocirc;ng trong ch&uacute;ng ta, việc ăn uống gắn liền với những lo lắng v&agrave; sợ h&atilde;i.</p><p style=\"box-sizing: border-box; text-rendering: geometricprecision; outline: 0px; -webkit-font-smoothing: antialiased; margin: 18px 0px; padding: 0px; border: 0px; font-size: 17.6px; vertical-align: baseline; background: transparent; text-size-adjust: 100%; text-align: left;\">Ch&uacute;ng ta thường ăn những c&aacute;i m&igrave;nh nghĩ l&agrave; n&ecirc;n ăn, kh&ocirc;ng phải c&aacute;i ch&uacute;ng ta muốn ăn. Ch&uacute;ng ta nghĩ rằng thế giới ng&agrave;y nay c&oacute; qu&aacute; nhiều thứ độc hại, ch&uacute;ng ta bị &aacute;m ảnh với những chỉ số cơ thể v&agrave; một cơ thể ho&agrave;n hảo.</p><p style=\"box-sizing: border-box; text-rendering: geometricprecision; outline: 0px; -webkit-font-smoothing: antialiased; margin: 18px 0px; padding: 0px; border: 0px; font-size: 17.6px; vertical-align: baseline; background: transparent; text-size-adjust: 100%; text-align: left;\">Nhưng kh&ocirc;ng mấy ai nhận ra rằng, ăn uống ch&iacute;nh l&agrave; một trong những niềm hạnh ph&uacute;c tuyệt vời nhất m&agrave; ch&uacute;ng ta đang c&oacute; h&agrave;ng ng&agrave;y.</p><p style=\"box-sizing: border-box; text-rendering: geometricprecision; outline: 0px; -webkit-font-smoothing: antialiased; margin: 18px 0px; padding: 0px; border: 0px; font-size: 17.6px; vertical-align: baseline; background: transparent; text-size-adjust: 100%; text-align: left;\">Cuốn s&aacute;ch <em style=\"box-sizing: border-box; text-rendering: geometricprecision; outline: 0px; -webkit-font-smoothing: antialiased; margin: 0px; padding: 0px; border: 0px; font-size: 17.6px; vertical-align: baseline; background: transparent; text-size-adjust: 100%;\">Ăn l&agrave; nguồn y&ecirc;u sống</em> của t&aacute;c giả Jenna Hollenstein - một chuy&ecirc;n gia dinh dưỡng - sẽ chỉ cho người đọc g&oacute;c nh&igrave;n t&iacute;ch cực hơn về ăn uống, để việc ăn thực sự l&agrave; niềm vui trong cuộc sống.</p><p style=\"box-sizing: border-box; text-rendering: geometricprecision; outline: 0px; -webkit-font-smoothing: antialiased; margin: 18px 0px; padding: 0px; border: 0px; font-size: 17.6px; vertical-align: baseline; background: transparent; text-size-adjust: 100%; text-align: left;\"><br></p></div>',0,'2021-01-12 16:55:55','duy1',1,'Béo không ảnh hưởng nhiều đến tình trạng sức khỏe','images/12-01-2021 16-55-30 1610445329523.png'),(50,'<p style=\'box-sizing: border-box; text-rendering: geometricprecision; outline: 0px; -webkit-font-smoothing: antialiased; margin: 0px 0px 18px; padding: 0px; border: 0px; font-size: 1.1em; vertical-align: baseline; background: transparent; text-size-adjust: 100%; font-family: \"Noto Serif\", serif; line-height: 1.618; font-weight: bold; color: rgb(51, 51, 51); clear: both; float: left; width: 660px; font-style: normal; font-variant-ligatures: normal; font-variant-caps: normal; letter-spacing: normal; orphans: 2; text-align: start; text-indent: 0px; text-transform: none; white-space: normal; widows: 2; word-spacing: 0px; -webkit-text-stroke-width: 0px; text-decoration-thickness: initial; text-decoration-style: initial; text-decoration-color: initial;\'>C&acirc;u trả lời nằm ở việc bạn c&oacute; nắm bắt được t&acirc;m l&yacute; của đối t&aacute;c hay kh&ocirc;ng. Nếu biết người đối diện cần g&igrave;, bạn sẽ dễ d&agrave;ng thuyết phục họ.</p><div style=\'box-sizing: border-box; text-rendering: geometricprecision; outline: 0px; -webkit-font-smoothing: antialiased; margin: 0px; padding: 0px; border: 0px; font-size: 1.1em; vertical-align: baseline; background: transparent; text-size-adjust: 100%; float: left; width: 660px; position: relative; font-family: \"Noto Serif\", serif; color: rgb(51, 51, 51); line-height: 1.618; font-style: normal; font-variant-ligatures: normal; font-variant-caps: normal; font-weight: 400; letter-spacing: normal; orphans: 2; text-align: start; text-indent: 0px; text-transform: none; white-space: normal; widows: 2; word-spacing: 0px; -webkit-text-stroke-width: 0px; text-decoration-thickness: initial; text-decoration-style: initial; text-decoration-color: initial;\'><p style=\"box-sizing: border-box; text-rendering: geometricprecision; outline: 0px; -webkit-font-smoothing: antialiased; margin-top: 0px !important; margin-right: 0px; margin-bottom: 18px; margin-left: 0px; padding: 0px; border: 0px; font-size: 17.6px; vertical-align: baseline; background: transparent; text-size-adjust: 100%; float: none; width: 660px;\">Nhiều người cho rằng để dễ d&agrave;ng thuyết phục ai đ&oacute;, bạn cần c&oacute; khả năng giao tiếp tốt. Điều đ&oacute; đ&uacute;ng nhưng chưa đủ! Quan trọng hơn cả, bạn phải nắm được t&acirc;m l&yacute; của đối phương, đo&aacute;n được họ nghĩ g&igrave; v&agrave; đi trước một bước. Để l&agrave;m được điều n&agrave;y, bạn cần phải c&oacute; kế hoạch cụ thể. Nhưng chắc chắn nhiều người vẫn chưa biết phải l&ecirc;n kế hoạch từ đ&acirc;u.</p><p style=\"box-sizing: border-box; text-rendering: geometricprecision; outline: 0px; -webkit-font-smoothing: antialiased; margin: 18px 0px; padding: 0px; border: 0px; font-size: 17.6px; vertical-align: baseline; background: transparent; text-size-adjust: 100%;\">Cuốn s&aacute;ch <em style=\"box-sizing: border-box; text-rendering: geometricprecision; outline: 0px; -webkit-font-smoothing: antialiased; margin: 0px; padding: 0px; border: 0px; font-size: 17.6px; vertical-align: baseline; background: transparent; text-size-adjust: 100%;\">Nghệ thuật thuyết phục</em> của t&aacute;c giả Nick Kolenda gi&uacute;p bạn hiểu th&ecirc;m về t&acirc;m l&yacute; của con người khi đứng trước quyết định quan trọng, hay đắn đo trước nhiều phương &aacute;n được đưa ra c&ugrave;ng l&uacute;c. Dựa v&agrave;o những ph&acirc;n t&iacute;ch dựa tr&ecirc;n g&oacute;c độ t&acirc;m l&yacute; của t&aacute;c giả, người đọc sẽ hiểu để thuyết phục một người cần bắt đầu từ đ&acirc;u v&agrave; tiến h&agrave;nh ra sao cho hiệu quả.</p><p style=\"box-sizing: border-box; text-rendering: geometricprecision; outline: 0px; -webkit-font-smoothing: antialiased; margin: 18px 0px; padding: 0px; border: 0px; font-size: 17.6px; vertical-align: baseline; background: transparent; text-size-adjust: 100%;\"><img src=\"images/12-01-2021 17-09-36 1610446176362.png\" style=\"width: 300px;\" class=\"fr-fic fr-dib\"></p><h3 style=\'box-sizing: border-box; text-rendering: geometricprecision; outline: 0px; -webkit-font-smoothing: antialiased; margin: 10px 0px; padding: 0px; border: 0px; font-size: 1.4em; vertical-align: baseline; background: rgb(255, 255, 255); text-size-adjust: 100%; float: left; width: 660px; letter-spacing: -1px; color: rgb(51, 51, 51); font-family: \"Noto Serif\", serif; font-style: normal; font-variant-ligatures: normal; font-variant-caps: normal; orphans: 2; text-align: start; text-indent: 0px; text-transform: none; white-space: normal; widows: 2; word-spacing: 0px; -webkit-text-stroke-width: 0px; text-decoration-thickness: initial; text-decoration-style: initial; text-decoration-color: initial;\'><strong>X&acirc;y dựng c&aacute;c &yacute; niệm v&agrave; tạo l&ograve;ng tin cho người đối diện</strong></h3><p style=\'box-sizing: border-box; text-rendering: geometricprecision; outline: 0px; -webkit-font-smoothing: antialiased; margin-top: 80px !important; margin-right: 0px; margin-bottom: 18px; margin-left: 0px; padding: 0px; border: 0px; font-size: 17.6px; vertical-align: baseline; background: rgb(255, 255, 255); text-size-adjust: 100%; clear: both; color: rgb(51, 51, 51); font-family: \"Noto Serif\", serif; font-style: normal; font-variant-ligatures: normal; font-variant-caps: normal; font-weight: 400; letter-spacing: normal; orphans: 2; text-align: start; text-indent: 0px; text-transform: none; white-space: normal; widows: 2; word-spacing: 0px; -webkit-text-stroke-width: 0px; text-decoration-thickness: initial; text-decoration-style: initial; text-decoration-color: initial;\'>Mở đầu cuốn s&aacute;ch của m&igrave;nh, Nick Kolenda mang tới lời khuy&ecirc;n hữu &iacute;ch cho những người b&aacute;n h&agrave;ng để đem lại t&aacute;c động t&iacute;ch cực đến kh&aacute;ch h&agrave;ng. Từ đ&oacute;, c&aacute;c &ldquo;thượng đế&rdquo; sẽ đưa ra quyết định mua sắm một c&aacute;ch nhanh nhất. Mỗi khi nhắc tới việc tiết kiệm tiền bạc, người ta thường nhớ đến lời khuy&ecirc;n rất quen thuộc: &ldquo;H&atilde;y mua thứ bạn cần, đừng mua thứ bạn muốn&rdquo;.</p><p style=\'box-sizing: border-box; text-rendering: geometricprecision; outline: 0px; -webkit-font-smoothing: antialiased; margin: 18px 0px; padding: 0px; border: 0px; font-size: 17.6px; vertical-align: baseline; background: rgb(255, 255, 255); text-size-adjust: 100%; color: rgb(51, 51, 51); font-family: \"Noto Serif\", serif; font-style: normal; font-variant-ligatures: normal; font-variant-caps: normal; font-weight: 400; letter-spacing: normal; orphans: 2; text-align: start; text-indent: 0px; text-transform: none; white-space: normal; widows: 2; word-spacing: 0px; -webkit-text-stroke-width: 0px; text-decoration-thickness: initial; text-decoration-style: initial; text-decoration-color: initial;\'>Lợi dụng điều n&agrave;y, độc giả phải l&agrave;m cho kh&aacute;ch h&agrave;ng hay đối t&aacute;c của m&igrave;nh nghĩ rằng: Thứ m&agrave; bạn mang tới ch&iacute;nh l&agrave; những g&igrave; họ cần. Trước khi n&oacute;i về những lợi &iacute;ch m&agrave; kh&aacute;ch h&agrave;ng được hưởng nếu d&ugrave;ng sản phẩm hay dịch vụ của bạn, h&atilde;y n&oacute;i về l&yacute; do họ n&ecirc;n mua sản phẩm, hay g&oacute;i dịch vụ đ&oacute;. N&oacute; sẽ mang lại những lợi &iacute;ch g&igrave; cho cuộc sống của họ.</p><p style=\'box-sizing: border-box; text-rendering: geometricprecision; outline: 0px; -webkit-font-smoothing: antialiased; margin: 18px 0px; padding: 0px; border: 0px; font-size: 17.6px; vertical-align: baseline; background: rgb(255, 255, 255); text-size-adjust: 100%; color: rgb(51, 51, 51); font-family: \"Noto Serif\", serif; font-style: normal; font-variant-ligatures: normal; font-variant-caps: normal; font-weight: 400; letter-spacing: normal; orphans: 2; text-align: start; text-indent: 0px; text-transform: none; white-space: normal; widows: 2; word-spacing: 0px; -webkit-text-stroke-width: 0px; text-decoration-thickness: initial; text-decoration-style: initial; text-decoration-color: initial;\'>Sau đ&oacute;, h&atilde;y n&oacute;i về ưu điểm của sản phẩm, hoặc những t&iacute;nh năng ưu việt m&agrave; n&oacute; mang lại. Thay v&igrave; thao thao bất tuyệt về những th&ocirc;ng tin mang t&iacute;nh chất chuy&ecirc;n m&ocirc;n, h&atilde;y giải th&iacute;ch một c&aacute;ch ngắn gọn v&agrave; dễ hiểu. C&aacute;ch giải th&iacute;ch dễ hiểu nhất ch&iacute;nh l&agrave; so s&aacute;nh thứ bạn mang tới với một sản phẩm c&ugrave;ng loại. H&atilde;y n&oacute;i về những ưu điểm của n&oacute; so với c&aacute;c sản phẩm kh&aacute;c tr&ecirc;n thị trường,</p><p style=\'box-sizing: border-box; text-rendering: geometricprecision; outline: 0px; -webkit-font-smoothing: antialiased; margin: 18px 0px; padding: 0px; border: 0px; font-size: 17.6px; vertical-align: baseline; background: rgb(255, 255, 255); text-size-adjust: 100%; color: rgb(51, 51, 51); font-family: \"Noto Serif\", serif; font-style: normal; font-variant-ligatures: normal; font-variant-caps: normal; font-weight: 400; letter-spacing: normal; orphans: 2; text-align: start; text-indent: 0px; text-transform: none; white-space: normal; widows: 2; word-spacing: 0px; -webkit-text-stroke-width: 0px; text-decoration-thickness: initial; text-decoration-style: initial; text-decoration-color: initial;\'>Nếu bạn chỉ l&agrave; nh&agrave; ph&acirc;n phối v&agrave; phải cạnh tranh c&ugrave;ng nhiều đại l&yacute; kh&aacute;c, để thuyết phục được kh&aacute;ch h&agrave;ng, cần đưa ra những ưu đ&atilde;i th&iacute;ch hợp nếu mua h&agrave;ng của bạn. T&acirc;m l&yacute; chung của con người l&agrave; lu&ocirc;n muốn được hưởng lợi. Khi thấy được những lợi &iacute;ch trước mắt, đối phương sẽ dễ d&agrave;ng đưa ra quyết định.</p><h3 style=\'box-sizing: border-box; text-rendering: geometricprecision; outline: 0px; -webkit-font-smoothing: antialiased; margin: 10px 0px; padding: 0px; border: 0px; font-size: 1.4em; vertical-align: baseline; background: rgb(255, 255, 255); text-size-adjust: 100%; float: left; width: 660px; letter-spacing: -1px; color: rgb(51, 51, 51); font-family: \"Noto Serif\", serif; font-style: normal; font-variant-ligatures: normal; font-variant-caps: normal; orphans: 2; text-align: start; text-indent: 0px; text-transform: none; white-space: normal; widows: 2; word-spacing: 0px; -webkit-text-stroke-width: 0px; text-decoration-thickness: initial; text-decoration-style: initial; text-decoration-color: initial;\'><strong>Hiểu r&otilde; t&acirc;m l&yacute; người lưỡng lự</strong></h3><p style=\'box-sizing: border-box; text-rendering: geometricprecision; outline: 0px; -webkit-font-smoothing: antialiased; margin-top: 80px !important; margin-right: 0px; margin-bottom: 18px; margin-left: 0px; padding: 0px; border: 0px; font-size: 17.6px; vertical-align: baseline; background: rgb(255, 255, 255); text-size-adjust: 100%; clear: both; color: rgb(51, 51, 51); font-family: \"Noto Serif\", serif; font-style: normal; font-variant-ligatures: normal; font-variant-caps: normal; font-weight: 400; letter-spacing: normal; orphans: 2; text-align: start; text-indent: 0px; text-transform: none; white-space: normal; widows: 2; word-spacing: 0px; -webkit-text-stroke-width: 0px; text-decoration-thickness: initial; text-decoration-style: initial; text-decoration-color: initial;\'>L&agrave; người nghi&ecirc;n cứu về lĩnh vực t&acirc;m l&yacute;, Nick Kolenda đặc biệt xem trọng việc ph&acirc;n t&iacute;ch c&aacute;c yếu tố t&acirc;m l&yacute; trong qu&aacute; tr&igrave;nh thuyết phục người kh&aacute;c. Từ những ph&acirc;n t&iacute;ch t&acirc;m l&yacute; của t&aacute;c giả, người đọc r&uacute;t ra được những điểm chung, mang t&iacute;nh quy luật trong suy nghĩ của con người, khi đang lưỡng lự bởi c&oacute; qu&aacute; nhiều thứ để lựa chọn, hoặc c&ograve;n nhiều vấn đề để c&acirc;n nhắc.</p><p style=\'box-sizing: border-box; text-rendering: geometricprecision; outline: 0px; -webkit-font-smoothing: antialiased; margin: 18px 0px; padding: 0px; border: 0px; font-size: 17.6px; vertical-align: baseline; background: rgb(255, 255, 255); text-size-adjust: 100%; color: rgb(51, 51, 51); font-family: \"Noto Serif\", serif; font-style: normal; font-variant-ligatures: normal; font-variant-caps: normal; font-weight: 400; letter-spacing: normal; orphans: 2; text-align: start; text-indent: 0px; text-transform: none; white-space: normal; widows: 2; word-spacing: 0px; -webkit-text-stroke-width: 0px; text-decoration-thickness: initial; text-decoration-style: initial; text-decoration-color: initial;\'>Đến đ&acirc;y, người đọc sẽ nhận ra điểm mấu chốt m&agrave; m&igrave;nh cần phải giải quyết l&agrave; hiểu được: Đối phương c&ograve;n thắc mắc điều g&igrave;, v&agrave; nhanh ch&oacute;ng gi&uacute;p họ giải quyết những vướng mắc đ&oacute;. Khi thấy bản th&acirc;n m&igrave;nh được thấu hiểu, con người ta sẽ dễ d&agrave;ng đồng t&igrave;nh.</p><p style=\'box-sizing: border-box; text-rendering: geometricprecision; outline: 0px; -webkit-font-smoothing: antialiased; margin: 18px 0px; padding: 0px; border: 0px; font-size: 17.6px; vertical-align: baseline; background: rgb(255, 255, 255); text-size-adjust: 100%; color: rgb(51, 51, 51); font-family: \"Noto Serif\", serif; font-style: normal; font-variant-ligatures: normal; font-variant-caps: normal; font-weight: 400; letter-spacing: normal; orphans: 2; text-align: start; text-indent: 0px; text-transform: none; white-space: normal; widows: 2; word-spacing: 0px; -webkit-text-stroke-width: 0px; text-decoration-thickness: initial; text-decoration-style: initial; text-decoration-color: initial;\'>Nếu chỉ học c&aacute;ch thuyết phục ai đ&oacute; dựa tr&ecirc;n những v&iacute; dụ cụ thể, ch&uacute;ng ta sẽ kh&ocirc;ng h&igrave;nh th&agrave;nh được phản xạ ứng biến v&agrave; xử l&yacute; t&igrave;nh huống trong nhiều ho&agrave;n cảnh, với t&iacute;nh chất c&ocirc;ng việc v&agrave; đối tượng cần thuyết phục kh&aacute;c nhau.</p><p style=\'box-sizing: border-box; text-rendering: geometricprecision; outline: 0px; -webkit-font-smoothing: antialiased; margin: 18px 0px; padding: 0px; border: 0px; font-size: 17.6px; vertical-align: baseline; background: rgb(255, 255, 255); text-size-adjust: 100%; color: rgb(51, 51, 51); font-family: \"Noto Serif\", serif; font-style: normal; font-variant-ligatures: normal; font-variant-caps: normal; font-weight: 400; letter-spacing: normal; orphans: 2; text-align: start; text-indent: 0px; text-transform: none; white-space: normal; widows: 2; word-spacing: 0px; -webkit-text-stroke-width: 0px; text-decoration-thickness: initial; text-decoration-style: initial; text-decoration-color: initial;\'>Nhưng bằng những kiến thức về t&acirc;m l&yacute; học của m&igrave;nh, Nick Kolenda đ&atilde; đưa ra quy tr&igrave;nh mang t&iacute;nh tổng qu&aacute;t gồm 7 bước để thuyết phục v&agrave; điều hướng quyết định của đối phương trong nhiều trường hợp kh&aacute;c nhau.</p><p style=\'box-sizing: border-box; text-rendering: geometricprecision; outline: 0px; -webkit-font-smoothing: antialiased; margin: 18px 0px; padding: 0px; border: 0px; font-size: 17.6px; vertical-align: baseline; background: rgb(255, 255, 255); text-size-adjust: 100%; color: rgb(51, 51, 51); font-family: \"Noto Serif\", serif; font-style: normal; font-variant-ligatures: normal; font-variant-caps: normal; font-weight: 400; letter-spacing: normal; orphans: 2; text-align: start; text-indent: 0px; text-transform: none; white-space: normal; widows: 2; word-spacing: 0px; -webkit-text-stroke-width: 0px; text-decoration-thickness: initial; text-decoration-style: initial; text-decoration-color: initial;\'>Từ phần mở đầu của cuốn s&aacute;ch, t&aacute;c giả đ&atilde; n&oacute;i rằng: Nh&acirc;n loại giống như con rối, những yếu tố t&acirc;m l&yacute; dựa tr&ecirc;n c&aacute;c điều kiện c&aacute; nh&acirc;n v&agrave; x&atilde; hội ch&iacute;nh l&agrave; sợ d&acirc;y v&ocirc; h&igrave;nh để điều chỉnh h&agrave;nh động v&agrave; quyết định của mỗi người. Nếu biết c&aacute;ch điều khiển những sợi d&acirc;y n&agrave;y, bạn sẽ kiểm so&aacute;t v&agrave; tạo được những t&aacute;c động nhất định l&ecirc;n h&agrave;nh vi của đối phương.</p><p style=\'box-sizing: border-box; text-rendering: geometricprecision; outline: 0px; -webkit-font-smoothing: antialiased; margin: 18px 0px; padding: 0px; border: 0px; font-size: 17.6px; vertical-align: baseline; background: rgb(255, 255, 255); text-size-adjust: 100%; color: rgb(51, 51, 51); font-family: \"Noto Serif\", serif; font-style: normal; font-variant-ligatures: normal; font-variant-caps: normal; font-weight: 400; letter-spacing: normal; orphans: 2; text-align: start; text-indent: 0px; text-transform: none; white-space: normal; widows: 2; word-spacing: 0px; -webkit-text-stroke-width: 0px; text-decoration-thickness: initial; text-decoration-style: initial; text-decoration-color: initial;\'>Với c&aacute;ch viết dễ hiểu, kh&uacute;c chiết v&agrave; lối tr&igrave;nh b&agrave;y mạch lạc&nbsp;<em style=\"box-sizing: border-box; text-rendering: geometricprecision; outline: 0px; -webkit-font-smoothing: antialiased; margin: 0px; padding: 0px; border: 0px; font-size: 17.6px; vertical-align: baseline; background: transparent; text-size-adjust: 100%;\">Nghệ thuật thuyết phục&nbsp;</em>của Nick Kolenda l&agrave; cuốn s&aacute;ch kỹ năng th&uacute; vị, ph&ugrave; hợp nhiều đối tượng độc giả. N&oacute; kh&ocirc;ng chỉ gi&uacute;p ch&uacute;ng ta thuyết phục người đối diện, m&agrave; c&ograve;n x&acirc;y dựng cầu nối v&ocirc; h&igrave;nh để đ&ocirc;i b&ecirc;n th&ocirc;ng cảm v&agrave; thấu hiểu lẫn nhau.</p></div>',0,'2021-01-12 17:10:11','duy1',1,'Thuyết phục người khác khó hay dễ?','images/12-01-2021 17-09-36 1610446176362.png'),(51,'<p style=\'box-sizing: border-box; text-rendering: geometricprecision; outline: 0px; -webkit-font-smoothing: antialiased; margin-top: 0px !important; margin-right: 0px; margin-bottom: 18px; margin-left: 0px; padding: 0px; border: 0px; font-size: 17.6px; vertical-align: baseline; background: transparent; text-size-adjust: 100%; float: none; width: 600px; color: rgb(51, 51, 51); font-family: \"Noto Serif\", serif; font-style: normal; font-variant-ligatures: normal; font-variant-caps: normal; font-weight: 400; letter-spacing: normal; orphans: 2; text-align: start; text-indent: 0px; text-transform: none; white-space: normal; widows: 2; word-spacing: 0px; -webkit-text-stroke-width: 0px; text-decoration-thickness: initial; text-decoration-style: initial; text-decoration-color: initial;\'>Mới tuần trước, c&ocirc; em chơi c&ugrave;ng sang nh&agrave; t&ocirc;i ăn tối v&agrave; n&aacute;n lại t&acirc;m sự. Em v&agrave; cậu người y&ecirc;u đang giận nhau. Em kể rất nhiều về những m&acirc;u thuẫn giữa hai gia đ&igrave;nh v&agrave; giữa hai người họ. C&oacute; một chi tiết l&agrave;m t&ocirc;i ch&uacute; &yacute;. Đ&oacute; l&agrave; khi em n&oacute;i: &ldquo;Em thấy m&igrave;nh hy sinh nhiều cho chuyện t&igrave;nh cảm n&agrave;y nhưng c&aacute;i em nhận lại chỉ l&agrave; sự thờ ơ&rdquo;.</p><p style=\'box-sizing: border-box; text-rendering: geometricprecision; outline: 0px; -webkit-font-smoothing: antialiased; margin: 18px 0px; padding: 0px; border: 0px; font-size: 17.6px; vertical-align: baseline; background: transparent; text-size-adjust: 100%; color: rgb(51, 51, 51); font-family: \"Noto Serif\", serif; font-style: normal; font-variant-ligatures: normal; font-variant-caps: normal; font-weight: 400; letter-spacing: normal; orphans: 2; text-align: start; text-indent: 0px; text-transform: none; white-space: normal; widows: 2; word-spacing: 0px; -webkit-text-stroke-width: 0px; text-decoration-thickness: initial; text-decoration-style: initial; text-decoration-color: initial;\'>T&ocirc;i thấy em giống t&ocirc;i c&aacute;ch đ&acirc;y mấy năm khi chưa gặp chồng t&ocirc;i b&acirc;y giờ. T&ocirc;i cũng từng than thở với chồng m&igrave;nh (hồi đ&oacute; ch&uacute;ng t&ocirc;i chưa ch&iacute;nh thức y&ecirc;u nhau) rằng t&ocirc;i kiệt sức v&igrave; phải hy sinh qu&aacute; nhiều cho người y&ecirc;u cũ. T&ocirc;i d&aacute;m c&aacute; rằng nhiều người cũng như t&ocirc;i, ngộ nhận trong t&igrave;nh y&ecirc;u cần phải c&oacute; sự hy sinh.</p><p style=\'box-sizing: border-box; text-rendering: geometricprecision; outline: 0px; -webkit-font-smoothing: antialiased; margin: 18px 0px; padding: 0px; border: 0px; font-size: 17.6px; vertical-align: baseline; background: transparent; text-size-adjust: 100%; color: rgb(51, 51, 51); font-family: \"Noto Serif\", serif; font-style: normal; font-variant-ligatures: normal; font-variant-caps: normal; font-weight: 400; letter-spacing: normal; orphans: 2; text-align: start; text-indent: 0px; text-transform: none; white-space: normal; widows: 2; word-spacing: 0px; -webkit-text-stroke-width: 0px; text-decoration-thickness: initial; text-decoration-style: initial; text-decoration-color: initial;\'>Quanh t&ocirc;i c&oacute; những người phụ nữ đ&atilde; quen với sự hy sinh. D&ugrave; họ đang giữ vai tr&ograve; g&igrave; trong x&atilde; hội, n&eacute;t đẹp lu&ocirc;n được mọi người t&ocirc;n vinh v&agrave; lu&ocirc;n khiến họ cảm thấy được an ủi ch&iacute;nh l&agrave; hy sinh bản th&acirc;n m&igrave;nh v&igrave;</p><p style=\'box-sizing: border-box; text-rendering: geometricprecision; outline: 0px; -webkit-font-smoothing: antialiased; margin: 18px 0px; padding: 0px; border: 0px; font-size: 17.6px; vertical-align: baseline; background: transparent; text-size-adjust: 100%; color: rgb(51, 51, 51); font-family: \"Noto Serif\", serif; font-style: normal; font-variant-ligatures: normal; font-variant-caps: normal; font-weight: 400; letter-spacing: normal; orphans: 2; text-align: start; text-indent: 0px; text-transform: none; white-space: normal; widows: 2; word-spacing: 0px; -webkit-text-stroke-width: 0px; text-decoration-thickness: initial; text-decoration-style: initial; text-decoration-color: initial;\'><img src=\"images/13-01-2021 07-59-46 1610499585600.png\" style=\"width: 300px;\" class=\"fr-fic fr-dib\"></p><p style=\'box-sizing: border-box; text-rendering: geometricprecision; outline: 0px; -webkit-font-smoothing: antialiased; margin: 18px 0px; padding: 0px; border: 0px; font-size: 17.6px; vertical-align: baseline; background: transparent; text-size-adjust: 100%; color: rgb(51, 51, 51); font-family: \"Noto Serif\", serif; font-style: normal; font-variant-ligatures: normal; font-variant-caps: normal; font-weight: 400; letter-spacing: normal; orphans: 2; text-align: start; text-indent: 0px; text-transform: none; white-space: normal; widows: 2; word-spacing: 0px; -webkit-text-stroke-width: 0px; text-decoration-thickness: initial; text-decoration-style: initial; text-decoration-color: initial;\'><br></p><img src=\"images/13-01-2021 08-00-40 download.jpg\" style=\"width: 300px;\" class=\"fr-fic fr-dib\">',0,'2021-01-13 08:00:47','duy',1,'Tình yêu và sự hy sinh','images/13-01-2021 08-00-40 download.jpg');
/*!40000 ALTER TABLE `post` ENABLE KEYS */;
UNLOCK TABLES;

--
-- Table structure for table `profile`
--

DROP TABLE IF EXISTS `profile`;
/*!40101 SET @saved_cs_client     = @@character_set_client */;
/*!40101 SET character_set_client = utf8 */;
CREATE TABLE `profile` (
  `username` varchar(50) NOT NULL,
  `avatar` varchar(100) DEFAULT 'images/user.png',
  `name` varchar(45) DEFAULT NULL,
  `birthday` date DEFAULT NULL,
  `gender` bit(1) DEFAULT NULL,
  `identity_card` varchar(12) DEFAULT NULL,
  `phone_number` varchar(10) DEFAULT NULL,
  `address` varchar(45) DEFAULT NULL,
  PRIMARY KEY (`username`),
  CONSTRAINT `fk1` FOREIGN KEY (`username`) REFERENCES `user` (`username`) ON DELETE NO ACTION ON UPDATE NO ACTION
) ENGINE=InnoDB DEFAULT CHARSET=utf8;
/*!40101 SET character_set_client = @saved_cs_client */;

--
-- Dumping data for table `profile`
--

LOCK TABLES `profile` WRITE;
/*!40000 ALTER TABLE `profile` DISABLE KEYS */;
INSERT INTO `profile` VALUES ('duy','images/duy.jpg','Phạm Đức Duy','2021-01-09','\0','123','0937327501','KTX Khu B,DHQG'),('duy1','images/duy1.jpg','DOM999','2021-01-06','','123456789','0937327501','DT 743'),('duy123','images/user.png',NULL,NULL,NULL,NULL,NULL,NULL),('duy2','images/user.png',NULL,NULL,NULL,NULL,NULL,NULL);
/*!40000 ALTER TABLE `profile` ENABLE KEYS */;
UNLOCK TABLES;

--
-- Table structure for table `user`
--

DROP TABLE IF EXISTS `user`;
/*!40101 SET @saved_cs_client     = @@character_set_client */;
/*!40101 SET character_set_client = utf8 */;
CREATE TABLE `user` (
  `username` varchar(50) NOT NULL,
  `email` varchar(45) NOT NULL,
  `password` varchar(500) NOT NULL,
  `role` varchar(45) DEFAULT 'USER',
  `delete_flag` int(11) NOT NULL DEFAULT '0',
  PRIMARY KEY (`username`),
  UNIQUE KEY `email_UNIQUE` (`email`)
) ENGINE=InnoDB DEFAULT CHARSET=utf8;
/*!40101 SET character_set_client = @saved_cs_client */;

--
-- Dumping data for table `user`
--

LOCK TABLES `user` WRITE;
/*!40000 ALTER TABLE `user` DISABLE KEYS */;
INSERT INTO `user` VALUES ('duy','nhockteen2001@gmail.com1','$2a$10$s5WK84Eo5uSd4Vqg7MdWXutF/l0gny95/aFh47i7VQu6dwg9RwP0.','ADMIN',0),('duy1','pducduy199@gmail.com','$2a$10$HFfY1VF4wFeLoO3PsYOLNuXzBIjEx2LPpf2R4wU.na17Z3fofDipy','USER',0),('duy123','sdfsf@gmail.com','$2a$10$0crNlsnJK/xf38hme0aNPeJ1txXif8lemny3lpuulTQFiiJKyw1pO','USER',0),('duy2','sdfd@gmail.com','$2a$10$D5ElGkkURYEv450o06ZcG.Lq4who0KYQlI6lJRgW4G12Gp0JaEMVq','USER',0),('duypham99','nhockteen2011@gmail.com','$2a$10$Kxbj8UjiTCogrfFU5TEfjunF/Sx7s20fWx.t9LRvZEf0wk54NkJS2','ADMIN',0),('test','nhockteen2001@gmail.com','$2a$10$F3e9WOFSuJQEdqB6JuaKrO45jW.tUv.uxn9BIUHmLMS06Q6ddZbiS','USER',0);
/*!40000 ALTER TABLE `user` ENABLE KEYS */;
UNLOCK TABLES;
/*!40103 SET TIME_ZONE=@OLD_TIME_ZONE */;

/*!40101 SET SQL_MODE=@OLD_SQL_MODE */;
/*!40014 SET FOREIGN_KEY_CHECKS=@OLD_FOREIGN_KEY_CHECKS */;
/*!40014 SET UNIQUE_CHECKS=@OLD_UNIQUE_CHECKS */;
/*!40101 SET CHARACTER_SET_CLIENT=@OLD_CHARACTER_SET_CLIENT */;
/*!40101 SET CHARACTER_SET_RESULTS=@OLD_CHARACTER_SET_RESULTS */;
/*!40101 SET COLLATION_CONNECTION=@OLD_COLLATION_CONNECTION */;
/*!40111 SET SQL_NOTES=@OLD_SQL_NOTES */;

-- Dump completed on 2021-01-18 20:23:56
